SampleID_Tara	Campaign	Station	Event	Env feature_abbrev	Env feature	Shannon_Darwin_mean_all	Shannon_Darwin_month_all	Shannon_Darwin_mean_grp	Shannon_Darwin_month_grp	Shannon_Physat_month	Shannon_Physat_mean	miTAG.SILVA.Chao	miTAG.SILVA.ace	miTAG.SILVA.Shannon	miTAG.SILVA.Richness	wFDc	OG.Richness	OG.Evenness
TARA_X100000009	NA	NA	NA	NA	NA	NA	NA	NA	NA	NA	NA	NA	NA	NA	NA	NA	NA	NA
TARA_B100001565	TARA_20120223Z	TARA_151	TARA_20120309T0859Z_151_EVENT_PUMP	SRF	surface water layer (ENVO:00002042)	0.414522	0.652942	0.21194	0.53449	0.844305	0.585611	4020.600387	3876.811074	6.781088813	2821.83	7.119164683	14771.9	0.741542746
TARA_B100000091	TARA_20100309Z	TARA_039	TARA_20100318T1133Z_039_EVENT_PUMP	DCM	deep chlorophyll maximum layer (ENVO:01000326)	0.386281	0.498761	0.57099	0.741752	0.595296	0.51759	NA	NA	NA	NA	NA	NA	NA
TARA_B100001564	TARA_20120223Z	TARA_151	TARA_20120309T0859Z_151_EVENT_PUMP	SRF	surface water layer (ENVO:00002042)	0.414522	0.652942	0.21194	0.53449	0.844305	0.585611	4020.600387	3876.811074	6.781088813	2821.83	7.119164683	14771.9	0.741542746
TARA_B100000524	TARA_20101031Z	TARA_078	TARA_20101104T1015Z_078_EVENT_PUMP	SRF	surface water layer (ENVO:00002042)	0.084879	0.559083	0.006772	0.461009	0.738561	0.65728	NA	NA	NA	NA	NA	NA	NA
TARA_B100000513	TARA_20101003Z	TARA_076	TARA_20101016T0955Z_076_EVENT_PUMP	SRF	surface water layer (ENVO:00002042)	0.337256	0.398536	0.160856	0.228668	0.674899	0.578854	NA	NA	NA	NA	NA	NA	NA