SampleID_Tara	Campaign	Station	Event	Env feature_abbrev	Env feature	Shannon_Darwin_mean_all	Shannon_Darwin_month_all	Shannon_Darwin_mean_grp	Shannon_Darwin_month_grp	Shannon_Physat_month	Shannon_Physat_mean	miTAG.SILVA.Chao	miTAG.SILVA.ace	miTAG.SILVA.Shannon	miTAG.SILVA.Richness	wFDc	OG.Richness	OG.Evenness
TARA_B100000945	TARA_20110520Z	TARA_112	TARA_20110615T0059Z_112_Combined-EVENTS_CAST	DCM	deep chlorophyll maximum layer (ENVO:01000326)	0.441733	0.535696	0.695267	0.785646	0.056896	0.155786	4437.25988	4283.307407	6.577501662	2987.17	7.166811006	17754	0.732475849
TARA_A100001016	TARA_20091214Z	TARA_030	TARA_20091215T1041Z_030_EVENT_PUMP	SRF	surface water layer (ENVO:00002042)	0.239124	0.276754	0.05146	0.083447	0.227495	0.393525	3185.33354	3026.731429	6.378839697	2214.98	7.115040546	12611.5	0.753523663
TARA_A100001015	TARA_20091214Z	TARA_030	TARA_20091215T1041Z_030_EVENT_PUMP	SRF	surface water layer (ENVO:00002042)	0.239124	0.276754	0.05146	0.083447	0.227495	0.393525	3185.33354	3026.731429	6.378839697	2214.98	7.115040546	12611.5	0.753523663
TARA_E500000080	TARA_20091111Z	TARA_023	TARA_20091118T1240Z_023_EVENT_PUMP	DCM	deep chlorophyll maximum layer (ENVO:01000326)	0.309499	0.501187	0.456978	0.545525	0.245502	0.542748	NA	NA	NA	NA	NA	NA	NA
TARA_E500000075	TARA_20091111Z	TARA_023	TARA_20091118T0841Z_023_EVENT_PUMP	SRF	surface water layer (ENVO:00002042)	0.309499	0.501187	0.456978	0.545525	0.245502	0.542748	3734.949352	3631.551225	6.583423185	2658	7.133620618	14477.2	0.744611238
TARA_A200000181	TARA_20090919Z	TARA_007	TARA_20090923T1608Z_007_EVENT_PUMP	DCM	deep chlorophyll maximum layer (ENVO:01000326)	0.635715	0.967687	0.595501	0.737693	0.600423	0.5693	4786.075692	4585.077804	6.801171081	3134.91	7.279688473	16416.5	0.750016278
TARA_A200000114	TARA_20090919Z	TARA_007	TARA_20090923T1250Z_007_EVENT_PUMP	SRF	surface water layer (ENVO:00002042)	0.635715	0.967687	0.595501	0.737693	0.600423	0.5693	3872.353048	3729.129447	6.525141459	2591.99	7.201535848	15495.1	0.746406446